size,tri_comptage,tri_par_base (1),tri_par_base (2),tri_par_base (4),tri_par_base (8),tri_par_base (16),tri_rapide
10,0.017791,0.021,0.012,0.00625,0.003542,0.003459,0.002417
100,0.006208,0.049292,0.027542,0.015375,0.009334,0.008875,0.026416
1000,0.03575,0.320458,0.197875,0.11525,0.070917,0.072042,0.2775
10000,0.299834,2.90112,1.79537,0.987167,0.605125,0.623166,3.02212
100000,2.85008,25.7339,15.1242,8.30475,4.86337,4.73429,26.167
1000000,20.711,241.166,146.823,83.2403,48.529,48.078,289.327
